{"properties": [
  {
    "name": "mail.smtp.proxy.host",
    "type": "java.lang.String",
    "description": "A description for 'mail.smtp.proxy.host'"
  },
  {
    "name": "mail.smtp.proxy.port",
    "type": "java.lang.String",
    "description": "A description for 'mail.smtp.proxy.port'"
  },
  {
    "name": "java.net.ConnectException",
    "type": "java.lang.String",
    "description": "A description for 'java.net.ConnectException'"
  },
  {
    "name": "spring.mail.transport.protocol",
    "type": "java.lang.String",
    "description": "A description for 'spring.mail.transport.protocol'"
  },
  {
    "name": "spring.mail.smtp.auth",
    "type": "java.lang.String",
    "description": "A description for 'spring.mail.smtp.auth'"
  },
  {
    "name": "spring.mail.smtp.starttls.enable",
    "type": "java.lang.String",
    "description": "A description for 'spring.mail.smtp.starttls.enable'"
  },
  {
    "name": "spring.mail.debug",
    "type": "java.lang.String",
    "description": "A description for 'spring.mail.debug'"
  },
  {
    "name": "mail.host",
    "type": "java.lang.String",
    "description": "A description for 'mail.host'"
  },
  {
    "name": "mail.username",
    "type": "java.lang.String",
    "description": "A description for 'mail.username'"
  },
  {
    "name": "mail.defaultEncoding",
    "type": "java.lang.String",
    "description": "A description for 'mail.defaultEncoding'"
  },
  {
    "name": "mail.password",
    "type": "java.lang.String",
    "description": "A description for 'mail.password'"
  },
  {
    "name": "mail.smtp.auth",
    "type": "java.lang.String",
    "description": "A description for 'mail.smtp.auth'"
  },
  {
    "name": "mail.smtp.starttls.required",
    "type": "java.lang.String",
    "description": "A description for 'mail.smtp.starttls.required'"
  },
  {
    "name": "mail.defaultEncoding",
    "type": "java.lang.String",
    "description": "A description for 'mail.defaultEncoding'"
  },
  {
    "name": "mail.smtp.socketFactory.class",
    "type": "java.lang.String",
    "description": "A description for 'mail.smtp.socketFactory.class'"
  },
  {
    "name": "mail.smtp.port",
    "type": "java.lang.String",
    "description": "A description for 'mail.smtp.port'"
  },
  {
    "name": "mail.smtp.starttls.enable",
    "type": "java.lang.String",
    "description": "A description for 'mail.smtp.starttls.enable'"
  },
  {
    "name": "mail.smtp.socketFactory.fallback",
    "type": "java.lang.String",
    "description": "A description for 'mail.smtp.socketFactory.fallback'"
  },
  {
    "name": "mail.smtp.socketFactory.port",
    "type": "java.lang.String",
    "description": "A description for 'mail.smtp.socketFactory.port'"
  },
  {
    "name": "mail.smtp.socketFactory.class",
    "type": "java.lang.String",
    "description": "A description for 'mail.smtp.socketFactory.class'"
  },
  {
    "name": "mail.smtp.socketFactory.class",
    "type": "java.lang.String",
    "description": "A description for 'mail.smtp.socketFactory.class'"
  }
]}